{
  "project_info": {
    "project_number": "766997158492",
    "firebase_url": "https://songgainb.firebaseio.com",
    "project_id": "songgainb",
    "storage_bucket": "songgainb.appspot.com"
  },
  "client": [
    {
      "client_info": {
        "mobilesdk_app_id": "1:766997158492:android:29f05f4a62dc1ca2a96499",
        "android_client_info": {
          "package_name": "com.tistory.starcue.songgainb"
        }
      },
      "oauth_client": [
        {
          "client_id": "766997158492-3usmb5halrriood86ruiqg8cr5d9o0o8.apps.googleusercontent.com",
          "client_type": 1,
          "android_info": {
            "package_name": "com.tistory.starcue.songgainb",
            "certificate_hash": "25bd32df656e28989d2843759f612f3b0773e3e8"
          }
        },
        {
          "client_id": "766997158492-ckkmggj07uhv59uceske0pg4tku694mv.apps.googleusercontent.com",
          "client_type": 3
        }
      ],
      "api_key": [
        {
          "current_key": "AIzaSyD_Gb35Yy27j4q5MALJ59f7iThin4jc5no"
        }
      ],
      "services": {
        "appinvite_service": {
          "other_platform_oauth_client": [
            {
              "client_id": "766997158492-ckkmggj07uhv59uceske0pg4tku694mv.apps.googleusercontent.com",
              "client_type": 3
            }
          ]
        }
      }
    }
  ],
  "configuration_version": "1"
}